id	homepage	gits	pldbInterview	twitter	born	died	wikipedia	country	primaryLink
Aaron Swartz					1986		https://en.wikipedia.org/wiki/Aaron_Swartz	United States	https://en.wikipedia.org/wiki/Aaron_Swartz
Mark Sibly		https://github.com/blitz-research						Australia	https://github.com/blitz-research
Adele Goldberg					1945		https://en.wikipedia.org/wiki/Adele_Goldberg_(computer_scientist)	United States	https://en.wikipedia.org/wiki/Adele_Goldberg_(computer_scientist)
David Roundy					1973		https://en.wikipedia.org/wiki/David_Roundy	United States	https://en.wikipedia.org/wiki/David_Roundy
Patrick Michaud	https://pmichaud.com/							United States	https://pmichaud.com/
Breck Yunits	https://breckyunits.com	https://github.com/breck7		https://twitter.com/breckyunits	1984			United States	https://breckyunits.com
Adriaan van Wijngaarden					1916		https://en.wikipedia.org/wiki/Adriaan_van_Wijngaarden	Netherlands	https://en.wikipedia.org/wiki/Adriaan_van_Wijngaarden
Alain Colmerauer					1941		https://en.wikipedia.org/wiki/Alain_Colmerauer	France	https://en.wikipedia.org/wiki/Alain_Colmerauer
Alan Edelman					1963		https://en.wikipedia.org/wiki/Alan_Edelman	United States	https://en.wikipedia.org/wiki/Alan_Edelman
Alan Kay					1940		https://en.wikipedia.org/wiki/Alan_Kay	United States	https://en.wikipedia.org/wiki/Alan_Kay
Hadley Wickham	https://hadley.nz/	https://github.com/hadley		https://x.com/hadleywickham	1979		https://en.wikipedia.org/wiki/Hadley_Wickham	New Zealand	https://hadley.nz/
Alan Perlis					1922		https://en.wikipedia.org/wiki/Alan_Perlis	United States	https://en.wikipedia.org/wiki/Alan_Perlis
Mitchel Resnick					1956		https://en.wikipedia.org/wiki/Mitchel_Resnick	United States	https://en.wikipedia.org/wiki/Mitchel_Resnick
John Maloney	https://faberllull.cat/en/resident.cfm?id=38257&url=john-maloney.htm							United States	https://faberllull.cat/en/resident.cfm?id=38257&url=john-maloney.htm
Jens Mönig		https://github.com/jmoenig		https://x.com/moenig				Germany	https://github.com/jmoenig
Bernat Romagosa	http://romagosa.work/	https://github.com/bromagosa						Spain	http://romagosa.work/
Yasmin Kafai	https://www.yasminkafai.com/						https://en.wikipedia.org/wiki/Yasmin_Kafai	Germany	https://www.yasminkafai.com/
Alfred Aho					1941		https://en.wikipedia.org/wiki/Alfred_Aho	Canada	https://en.wikipedia.org/wiki/Alfred_Aho
Jeffrey Heer	https://homes.cs.washington.edu/~jheer/	https://github.com/jheer		https://x.com/jeffrey_heer	1979		https://en.wikipedia.org/wiki/Jeffrey_Heer	United States	https://homes.cs.washington.edu/~jheer/
Anders Hejlsberg		https://github.com/ahejlsberg		https://x.com/ahejlsberg	1960		https://en.wikipedia.org/wiki/Anders_Hejlsberg	Denmark	https://github.com/ahejlsberg
Andrei Alexandrescu					1969		https://en.wikipedia.org/wiki/Andrei_Alexandrescu	Romania	https://en.wikipedia.org/wiki/Andrei_Alexandrescu
John D. Hunter					1968		https://en.wikipedia.org/wiki/John_D._Hunter	United States	https://en.wikipedia.org/wiki/John_D._Hunter
Anthony James Barr					1940		https://en.wikipedia.org/wiki/Anthony_James_Barr	United States	https://en.wikipedia.org/wiki/Anthony_James_Barr
Arthur Whitney					1957		https://en.wikipedia.org/wiki/Arthur_Whitney_(computer_scientist)	Canada	https://en.wikipedia.org/wiki/Arthur_Whitney_(computer_scientist)
Barbara Liskov					1939		https://en.wikipedia.org/wiki/Barbara_Liskov	United States	https://en.wikipedia.org/wiki/Barbara_Liskov
Bertrand Meyer	https://bertrandmeyer.com/			https://x.com/Bertrand_Meyer	1950		https://en.wikipedia.org/wiki/Bertrand_Meyer	France	https://bertrandmeyer.com/
Lingdong Huang	https://lingdong.works/	https://github.com/LingDong-/		https://x.com/LingdongH	1997			China	https://lingdong.works/
Charlie Bass					1942		https://en.wikipedia.org/wiki/Charlie_Bass_(engineer)	United States	https://en.wikipedia.org/wiki/Charlie_Bass_(engineer)
Bill Paxton					1949		https://en.wikipedia.org/wiki/Bill_Paxton_(computer_scientist)	United States	https://en.wikipedia.org/wiki/Bill_Paxton_(computer_scientist)
Jose E. Marchesi	https://www.jemarch.net/				1980			Spain	https://www.jemarch.net/
Bjarne Stroustrup	https://www.stroustrup.com/				1950		https://en.wikipedia.org/wiki/Bjarne_Stroustrup	Denmark	https://www.stroustrup.com/
Brad Cox					1944		https://en.wikipedia.org/wiki/Brad_Cox	United States	https://en.wikipedia.org/wiki/Brad_Cox
Brendan Eich	https://brendaneich.com/			https://x.com/BrendanEich	1961		https://en.wikipedia.org/wiki/Brendan_Eich	United States	https://brendaneich.com/
Brian Fox					1959		https://en.wikipedia.org/wiki/Brian_Fox_(computer_programmer)	United States	https://en.wikipedia.org/wiki/Brian_Fox_(computer_programmer)
Brian Kernighan	https://www.cs.princeton.edu/~bwk/		https://pldb.io/blog/brianKernighan.html		1942		https://en.wikipedia.org/wiki/Brian_Kernighan	Canada	https://www.cs.princeton.edu/~bwk/
Carl Sassenrath					1957		https://en.wikipedia.org/wiki/Carl_Sassenrath	United States	https://en.wikipedia.org/wiki/Carl_Sassenrath
Marshall Lochbaum	https://mlochbaum.github.io/	https://github.com/mlochbaum						United States	https://mlochbaum.github.io/
Jean Paoli							https://en.wikipedia.org/wiki/Jean_Paoli	France	https://en.wikipedia.org/wiki/Jean_Paoli
Matthew Fysh		https://github.com/mattfysh		https://x.com/mattfysh				United Kingdom	https://github.com/mattfysh
Kartik Chandra	https://cs.stanford.edu/~kach/	https://github.com/kach		https://x.com/_k_a_c_h_				United States	https://cs.stanford.edu/~kach/
Michael Sperberg-McQueen	http://cmsmcq.com/						https://en.wikipedia.org/wiki/Michael_Sperberg-McQueen	United States	http://cmsmcq.com/
John W. Cowan	http://vrici.lojban.org/~cowan/						https://en.wikipedia.org/wiki/John_W._Cowan	United States	http://vrici.lojban.org/~cowan/
Kevin Hammond		https://github.com/kevinhammond		https://x.com/khstandrews				United Kingdom	https://github.com/kevinhammond
Fredrik Kjolstad	https://fredrikbk.com/	https://github.com/fredrikbk						Norway	https://fredrikbk.com/
James Cooke Brown					1921		https://en.wikipedia.org/wiki/James_Cooke_Brown	United States	https://en.wikipedia.org/wiki/James_Cooke_Brown
Daniel Fedorin	https://danilafe.com/	https://github.com/DanilaFe			1998			Canada	https://danilafe.com/
Alex Beregszaszi	https://rtfs.hu/	https://github.com/axic		https://x.com/alexberegszaszi				Hungary	https://rtfs.hu/
Norman H. Nie					1943		https://en.wikipedia.org/wiki/Norman_H._Nie	United States	https://en.wikipedia.org/wiki/Norman_H._Nie
Charles Goldfarb					1939		https://en.wikipedia.org/wiki/Charles_Goldfarb	United States	https://en.wikipedia.org/wiki/Charles_Goldfarb
Charles H. Moore					1938		https://en.wikipedia.org/wiki/Charles_H._Moore	United States	https://en.wikipedia.org/wiki/Charles_H._Moore
Mike Lesk					1945		https://en.wikipedia.org/wiki/Mike_Lesk	United States	https://en.wikipedia.org/wiki/Mike_Lesk
Eric Schmidt					1955		https://en.wikipedia.org/wiki/Eric_Schmidt	United States	https://en.wikipedia.org/wiki/Eric_Schmidt
Stephen C. Johnson					1944		https://en.wikipedia.org/wiki/Stephen_C._Johnson	United States	https://en.wikipedia.org/wiki/Stephen_C._Johnson
Charles Katz					1938		https://en.wikipedia.org/wiki/Charles_Katz	United States	https://en.wikipedia.org/wiki/Charles_Katz
Chris Done	https://chrisdone.com/	https://github.com/chrisdone		https://x.com/christopherdone				United Kingdom	https://chrisdone.com/
Chris Lattner	https://www.nondot.org/sabre/	https://github.com/lattner		https://x.com/clattner_llvm	1978		https://en.wikipedia.org/wiki/Chris_Lattner	United States	https://www.nondot.org/sabre/
Chuck Geschke					1939		https://en.wikipedia.org/wiki/Charles_Geschke	United States	https://en.wikipedia.org/wiki/Charles_Geschke
Cleve Moler					1939		https://en.wikipedia.org/wiki/Cleve_Moler	United States	https://en.wikipedia.org/wiki/Cleve_Moler
Chris Pearson	https://www.chrispsn.com/	https://github.com/chrispsn		https://x.com/kcodetweets				United Kingdom	https://www.chrispsn.com/
Dan Ingalls					1944		https://en.wikipedia.org/wiki/Dan_Ingalls	United States	https://en.wikipedia.org/wiki/Dan_Ingalls
Ingy döt Net	http://ingy.net/	https://github.com/ingydotnet						United States	http://ingy.net/
Dan Weinreb					1959		https://en.wikipedia.org/wiki/Daniel_Weinreb	United States	https://en.wikipedia.org/wiki/Daniel_Weinreb
Daniel X Moore	https://danielx.net/			https://x.com/DanielXMoore				United States	https://danielx.net/
Dave Bayer					1955		https://en.wikipedia.org/wiki/Dave_Bayer	United States	https://en.wikipedia.org/wiki/Dave_Bayer
David May					1951		https://en.wikipedia.org/wiki/David_May_(computer_scientist)	United Kingdom	https://en.wikipedia.org/wiki/David_May_(computer_scientist)
Dave Winer					1955		https://en.wikipedia.org/wiki/Dave_Winer	United States	https://en.wikipedia.org/wiki/Dave_Winer
David A. Moon	http://users.rcn.com/david-moon/				1956		https://en.wikipedia.org/wiki/David_A._Moon	United States	http://users.rcn.com/david-moon/
David Axmark					1962		https://en.wikipedia.org/wiki/David_Axmark	Sweden	https://en.wikipedia.org/wiki/David_Axmark
David Cournapeau					1980		https://en.wikipedia.org/wiki/David_Cournapeau	France	https://en.wikipedia.org/wiki/David_Cournapeau
Erik Demaine	https://erikdemaine.org/	https://github.com/edemaine						Canada	https://erikdemaine.org/
David Ungar					1955		https://en.wikipedia.org/wiki/David_Ungar	United States	https://en.wikipedia.org/wiki/David_Ungar
Andrey Zholos	http://althenia.net/	https://github.com/zholos						Ukraine	http://althenia.net/
Dennis Ritchie	https://www.bell-labs.com/usr/dmr/www/				1941		https://en.wikipedia.org/wiki/Dennis_Ritchie	United States	https://www.bell-labs.com/usr/dmr/www/
Don Box					1964		https://en.wikipedia.org/wiki/Don_Box	United States	https://en.wikipedia.org/wiki/Don_Box
Ellie Kanning-Dawn	https://ekdawn.com/about#bio							United States	https://ekdawn.com/about#bio
Don Syme				https://x.com/dsymetweets	1965		https://en.wikipedia.org/wiki/Don_Syme	United Kingdom	https://x.com/dsymetweets
Yon Fernández de Retana	https://anaseto.codeberg.page/							Spain	https://anaseto.codeberg.page/
Donald D. Chamberlin					1944		https://en.wikipedia.org/wiki/Donald_D._Chamberlin	United States	https://en.wikipedia.org/wiki/Donald_D._Chamberlin
Mike Bostock	https://bost.ocks.org/mike/	https://github.com/mbostock		https://x.com/mbostock			https://en.wikipedia.org/wiki/Mike_Bostock	United States	https://bost.ocks.org/mike/
Peter Schaffter	https://www.schaffter.ca/							Canada	https://www.schaffter.ca/
Douglas Crockford	https://www.crockford.com/	https://github.com/douglascrockford	https://pldb.io/blog/douglasCrockford.html		1955		https://en.wikipedia.org/wiki/Douglas_Crockford	United States	https://www.crockford.com/
Douglas McIlroy					1932		https://en.wikipedia.org/wiki/Douglas_McIlroy	United States	https://en.wikipedia.org/wiki/Douglas_McIlroy
Nils M Holm	https://www.t3x.org/							Germany	https://www.t3x.org/
Erik Arvidsson		https://github.com/arv		https://x.com/erikarvidsson				Sweden	https://github.com/arv
Maxime Chevalier-Boisvert	https://pointersgonewild.com/	https://github.com/maximecb		https://x.com/Love2Code				Canada	https://pointersgonewild.com/
Aaron Boodman	https://aaronboodman.com/	https://github.com/aboodman						Canada	https://aaronboodman.com/
Dwayne Richard Hipp	https://www.hwaci.com/drh/index.html				1961		https://en.wikipedia.org/wiki/D._Richard_Hipp	United States	https://www.hwaci.com/drh/index.html
Friedrich L. Bauer					1924		https://en.wikipedia.org/wiki/Friedrich_L._Bauer	Germany	https://en.wikipedia.org/wiki/Friedrich_L._Bauer
Gary Grossman					1962		https://en.wikipedia.org/wiki/Gary_Grossman	United States	https://en.wikipedia.org/wiki/Gary_Grossman
Gerald Jay Sussman					1947		https://en.wikipedia.org/wiki/Gerald_Jay_Sussman	United States	https://en.wikipedia.org/wiki/Gerald_Jay_Sussman
Wouter Van Oortmerssen	https://strlen.com/	https://github.com/aardappel		https://x.com/wvo				Netherlands	https://strlen.com/
Grace Hopper					1906		https://en.wikipedia.org/wiki/Grace_Hopper	United States	https://en.wikipedia.org/wiki/Grace_Hopper
Graham Nelson					1968		https://en.wikipedia.org/wiki/Graham_Nelson	United Kingdom	https://en.wikipedia.org/wiki/Graham_Nelson
PhoenixHimself		https://github.com/Ph0enixKM		https://x.com/PhoenixHimself				United Kingdom	https://github.com/Ph0enixKM
Guido van Rossum	https://gvanrossum.github.io/			https://x.com/gvanrossum	1956		https://en.wikipedia.org/wiki/Guido_van_Rossum	Netherlands	https://gvanrossum.github.io/
Guy Steele					1954		https://en.wikipedia.org/wiki/Guy_L._Steele_Jr.	United States	https://en.wikipedia.org/wiki/Guy_L._Steele_Jr.
Håkon Wium Lie	https://www.wiumlie.no/				1965		https://en.wikipedia.org/wiki/H%C3%A5kon_Wium_Lie	Norway	https://www.wiumlie.no/
Hampton Lintorn-Catlin	https://hamptonmakes.com/	https://github.com/hamptonmakes			1982		https://en.wikipedia.org/wiki/Hampton_Lintorn-Catlin	United States	https://hamptonmakes.com/
James Gosling	https://nighthacks.com/			https://x.com/errcraft	1955		https://en.wikipedia.org/wiki/James_Gosling	Canada	https://nighthacks.com/
James Strachan					1969		https://en.wikipedia.org/wiki/James_Strachan_(programmer)	United Kingdom	https://en.wikipedia.org/wiki/James_Strachan_(programmer)
Jean E. Sammet					1928		https://en.wikipedia.org/wiki/Jean_E._Sammet	United States	https://en.wikipedia.org/wiki/Jean_E._Sammet
Jean Ichbiah					1940		https://en.wikipedia.org/wiki/Jean_Ichbiah	France	https://en.wikipedia.org/wiki/Jean_Ichbiah
Donald Knuth	https://cs.stanford.edu/~knuth/			https://x.com/realdonaldknuth	1938		https://en.wikipedia.org/wiki/Donald_Knuth	United States	https://cs.stanford.edu/~knuth/
Anthony Bonkoski	https://xorvoid.com/	https://github.com/xorvoid			1990			United States	https://xorvoid.com/
Jeff Bezanson					1980		https://en.wikipedia.org/wiki/Jeff_Bezanson_(programmer)	United States	https://en.wikipedia.org/wiki/Jeff_Bezanson_(programmer)
Ary Borenszweig		https://github.com/asterite						Argentina	https://github.com/asterite
Andreas Rumpf		https://github.com/Araq						Germany	https://github.com/Araq
Nenad Rakocevic		https://github.com/dockimbel						Serbia	https://github.com/dockimbel
Jeffrey Snover					1962		https://en.wikipedia.org/wiki/Jeffrey_Snover	United States	https://en.wikipedia.org/wiki/Jeffrey_Snover
Jeremy Ashkenas	https://ashkenas.com/			https://x.com/jashkenas	1981		https://en.wikipedia.org/wiki/Jeremy_Ashkenas	United States	https://ashkenas.com/
Phil Freeman	https://functorial.com/	https://github.com/paf31		https://twitter.com/paf31				United States	https://functorial.com/
Joe Armstrong	https://joearms.github.io	https://github.com/joearms			1950		https://en.wikipedia.org/wiki/Joe_Armstrong_(programmer)	Sweden	https://joearms.github.io
Joe Ossanna					1928		https://en.wikipedia.org/wiki/Joe_Ossanna	United States	https://en.wikipedia.org/wiki/Joe_Ossanna
John Backus					1924		https://en.wikipedia.org/wiki/John_Backus	United States	https://en.wikipedia.org/wiki/John_Backus
John G. Kemeny					1926		https://en.wikipedia.org/wiki/John_G._Kemeny	United States	https://en.wikipedia.org/wiki/John_G._Kemeny
John Gruber					1973		https://en.wikipedia.org/wiki/John_Gruber	United States	https://en.wikipedia.org/wiki/John_Gruber
John Hughes					1958		https://en.wikipedia.org/wiki/John_Hughes_(computer_scientist)	Sweden	https://en.wikipedia.org/wiki/John_Hughes_(computer_scientist)
John McCarthy	https://www-formal.stanford.edu/jmc/				1927		https://en.wikipedia.org/wiki/John_McCarthy_(computer_scientist)	United States	https://www-formal.stanford.edu/jmc/
John Ousterhout	https://web.stanford.edu/~ouster/cgi-bin/home.php	https://github.com/johnousterhout	https://pldb.io/blog/JohnOusterhout.html	https://x.com/johnousterhout	1954		https://en.wikipedia.org/wiki/John_Ousterhout	United States	https://web.stanford.edu/~ouster/cgi-bin/home.php
John Warnock					1940		https://en.wikipedia.org/wiki/John_Warnock	United States	https://en.wikipedia.org/wiki/John_Warnock
Joseph J. Allaire				https://x.com/fly_upside_down	1969		https://en.wikipedia.org/wiki/Joseph_J._Allaire	United States	https://x.com/fly_upside_down
Ken Thompson	http://cs.bell-labs.co/who/ken/				1943		https://en.wikipedia.org/wiki/Ken_Thompson	United States	http://cs.bell-labs.co/who/ken/
Kenneth E. Iverson					1920		https://en.wikipedia.org/wiki/Kenneth_E._Iverson	Canada	https://en.wikipedia.org/wiki/Kenneth_E._Iverson
Kent Pitman					1956		https://en.wikipedia.org/wiki/Kent_Pitman	United States	https://en.wikipedia.org/wiki/Kent_Pitman
Clark Evans	https://clarkevans.com/							United States	https://clarkevans.com/
Terence Parr	https://parrt.cs.usfca.edu/	https://github.com/parrt			1964		https://en.wikipedia.org/wiki/Terence_Parr	United States	https://parrt.cs.usfca.edu/
Steve Ruiz	https://www.steveruiz.me/	https://github.com/steveruizok		https://x.com/steveruizok	1987			United States	https://www.steveruiz.me/
John Resig	https://johnresig.com/			https://x.com/jeresig	1984		https://en.wikipedia.org/wiki/John_Resig	United States	https://johnresig.com/
TJ Holowaychuk		https://x.com/tjholowaychuk		https://x.com/tjholowaychuk	1988			Canada	https://x.com/tjholowaychuk
Edwin Brady	https://www.type-driven.org.uk/edwinb/	https://www.github.com/edwinb		https://www.twitter.com/edwinbrady				United Kingdom	https://www.type-driven.org.uk/edwinb/
Nicolas Cannasse		https://github.com/ncannasse		https://x.com/ncannasse				France	https://github.com/ncannasse
Axel Liljencrantz		https://github.com/liljencrantz						Sweden	https://github.com/liljencrantz
Phil Moorby					1953		https://en.wikipedia.org/wiki/Phil_Moorby	United Kingdom	https://en.wikipedia.org/wiki/Phil_Moorby
Aseem Kishore	https://aseemk.com/	https://github.com/aseemk		https://x.com/aseemk				United States	https://aseemk.com/
Paul Tagliamonte	https://pault.ag/	https://github.com/paultag						United States	https://pault.ag/
Sanjiva Weerawarana	http://sanjiva.weerawarana.org/	https://github.com/sanjiva					https://en.wikipedia.org/wiki/Sanjiva_Weerawarana	Sri Lanka	http://sanjiva.weerawarana.org/
Alberto Demichelis		https://github.com/albertodemichelis		https://x.com/squirrellang				Italy	https://github.com/albertodemichelis
Sylvan Clebsch		https://github.com/sylvanc						Germany	https://github.com/sylvanc
Thorsten Ball	https://thorstenball.com/	https://github.com/mrnugget		https://x.com/thorstenball				Germany	https://thorstenball.com/
Slava Pestov	https://factorcode.org/slava/	https://github.com/slavapestov						United States	https://factorcode.org/slava/
Leonardo de Moura	https://leodemoura.github.io/	https://github.com/leodemoura						Brazil	https://leodemoura.github.io/
Thomas S Hatch		https://github.com/thatch45		https://x.com/thatch45				United States	https://github.com/thatch45
Leslie Lamport	https://lamport.org/				1941		https://en.wikipedia.org/wiki/Leslie_Lamport	United States	https://lamport.org/
Urban Müller	https://web.archive.org/web/20040930212131/http://wuarchive.wustl.edu/~umueller/							Switzerland	https://web.archive.org/web/20040930212131/http://wuarchive.wustl.edu/~umueller/
Alon Zakai	https://kripken.github.io/blog/about/	https://github.com/kripken		https://x.com/kripken				Israel	https://kripken.github.io/blog/about/
Mathias Sirthias		https://github.com/sirthias						Germany	https://github.com/sirthias
Kartik K. Agaram	https://akkartik.name/	https://github.com/akkartik	https://pldb.io/blog/kartik.html					United States	https://akkartik.name/
Oren Ben-Kiki	http://www.ben-kiki.org/oren/	https://github.com/orenbenkiki		https://x.com/orenbenkiki	1964			Israel	http://www.ben-kiki.org/oren/
Stephen Bourne					1944		https://en.wikipedia.org/wiki/Stephen_R._Bourne	United Kingdom	https://en.wikipedia.org/wiki/Stephen_R._Bourne
Alexander Medvednikov		https://github.com/medvednikov			1993			Russia	https://github.com/medvednikov
Vitalik Buterin				https://x.com/VitalikButerin	1994		https://en.wikipedia.org/wiki/Vitalik_Buterin	Canada	https://x.com/VitalikButerin
Andrew Kelley	https://andrewkelley.me/	https://github.com/andrewrk/						United States	https://andrewkelley.me/
Evan Czaplicki		https://github.com/evancz		https://x.com/evancz				United States	https://github.com/evancz
Lee Byron	https://leebyron.com/	https://github.com/leebyron		https://twitter.com/leeb				United States	https://leebyron.com/
Thierry Coquand	https://www.cse.chalmers.se/~coquand/				1961		https://en.wikipedia.org/wiki/Thierry_Coquand	France	https://www.cse.chalmers.se/~coquand/
Andrey Breslav	https://www.abreslav.com/			https://x.com/abreslav	1984			Russia	https://www.abreslav.com/
Christian Reitwiessner		https://github.com/chriseth		https://x.com/ethchris				Germany	https://github.com/chriseth
Tim Bray	https://www.tbray.org/				1955		https://en.wikipedia.org/wiki/Tim_Bray	Canada	https://www.tbray.org/
José Valim		https://github.com/josevalim		https://x.com/josevalim				Brazil	https://github.com/josevalim
Graydon Hoare	https://graydon2.dreamwidth.org/	https://github.com/graydon		https://x.com/graydon_pub	1977			Canada	https://graydon2.dreamwidth.org/
Konrad Zuse					1910		https://en.wikipedia.org/wiki/Konrad_Zuse	Germany	https://en.wikipedia.org/wiki/Konrad_Zuse
Larry Wall	http://www.wall.org/~larry/				1954		https://en.wikipedia.org/wiki/Larry_Wall	United States	http://www.wall.org/~larry/
Lars Bak		https://github.com/larsbak			1965		https://en.wikipedia.org/wiki/Lars_Bak_(computer_programmer)	Denmark	https://github.com/larsbak
Lars Pensjö					1963		https://en.wikipedia.org/wiki/Lars_Pensjö	Sweden	https://en.wikipedia.org/wiki/Lars_Pensjö
Lee E. McMahon					1931		https://en.wikipedia.org/wiki/Lee_E._McMahon	United States	https://en.wikipedia.org/wiki/Lee_E._McMahon
Mark S. Miller					1958		https://en.wikipedia.org/wiki/Mark_S._Miller	United States	https://en.wikipedia.org/wiki/Mark_S._Miller
Martin Odersky	https://lampwww.epfl.ch/~odersky/				1958		https://en.wikipedia.org/wiki/Martin_Odersky	Switzerland	https://lampwww.epfl.ch/~odersky/
Martin Richards					1940		https://en.wikipedia.org/wiki/Martin_Richards_(computer_scientist)	United Kingdom	https://en.wikipedia.org/wiki/Martin_Richards_(computer_scientist)
Matthew Flatt	https://users.cs.utah.edu/~mflatt/				1967		https://en.wikipedia.org/wiki/Matthew_Flatt	United States	https://users.cs.utah.edu/~mflatt/
Matthias Felleisen					1958		https://en.wikipedia.org/wiki/Matthias_Felleisen	United States	https://en.wikipedia.org/wiki/Matthias_Felleisen
Michael Widenius					1962		https://en.wikipedia.org/wiki/Michael_Widenius	Finland	https://en.wikipedia.org/wiki/Michael_Widenius
Mike Cowlishaw			https://pldb.io/blog/mikecowlishaw-interview.html		1948		https://en.wikipedia.org/wiki/Mike_Cowlishaw	United Kingdom	https://en.wikipedia.org/wiki/Mike_Cowlishaw
Nathaniel Borenstein					1957		https://en.wikipedia.org/wiki/Nathaniel_Borenstein	United States	https://en.wikipedia.org/wiki/Nathaniel_Borenstein
Ned Freed					1959		https://en.wikipedia.org/wiki/Ned_Freed	United States	https://en.wikipedia.org/wiki/Ned_Freed
Niklaus Wirth	https://people.inf.ethz.ch/wirth/		https://pldb.io/blog/niklausWirth.html		1934	2024	https://en.wikipedia.org/wiki/Niklaus_Wirth	Switzerland	https://people.inf.ethz.ch/wirth/
Ole-Johan Dahl					1931	2002	https://en.wikipedia.org/wiki/Ole-Johan_Dahl	Norway	https://en.wikipedia.org/wiki/Ole-Johan_Dahl
Kristen Nygaard					1926	2002	https://en.wikipedia.org/wiki/Kristen_Nygaard	Norway	https://en.wikipedia.org/wiki/Kristen_Nygaard
P. J. Plauger					1944		https://en.wikipedia.org/wiki/P._J._Plauger	United States	https://en.wikipedia.org/wiki/P._J._Plauger
Paul Graham					1964		https://en.wikipedia.org/wiki/Paul_Graham_(programmer)	United Kingdom	https://en.wikipedia.org/wiki/Paul_Graham_(programmer)
Paul Hudak					1952		https://en.wikipedia.org/wiki/Paul_Hudak	United States	https://en.wikipedia.org/wiki/Paul_Hudak
Peter J. Weinberger					1942		https://en.wikipedia.org/wiki/Peter_J._Weinberger	United States	https://en.wikipedia.org/wiki/Peter_J._Weinberger
Peter Naur					1928		https://en.wikipedia.org/wiki/Peter_Naur	Denmark	https://en.wikipedia.org/wiki/Peter_Naur
Ralph Griswold					1934		https://en.wikipedia.org/wiki/Ralph_Griswold	United States	https://en.wikipedia.org/wiki/Ralph_Griswold
Rasmus Lerdorf	https://lerdorf.com/bio/			https://x.com/rasmus	1968		https://en.wikipedia.org/wiki/Rasmus_Lerdorf	Canada	https://lerdorf.com/bio/
Raymond F. Boyce					1947		https://en.wikipedia.org/wiki/Raymond_F._Boyce	United States	https://en.wikipedia.org/wiki/Raymond_F._Boyce
Rich Hickey		https://github.com/richhickey			1959		https://en.wikipedia.org/wiki/Rich_Hickey	United States	https://github.com/richhickey
Richard P. Gabriel					1949		https://en.wikipedia.org/wiki/Richard_P._Gabriel	United States	https://en.wikipedia.org/wiki/Richard_P._Gabriel
Richard Stallman	https://www.stallman.org/				1953		https://en.wikipedia.org/wiki/Richard_Stallman	United States	https://www.stallman.org/
Rob Pike	http://herpolhode.com/rob/	https://github.com/robpike			1956		https://en.wikipedia.org/wiki/Rob_Pike	Canada	http://herpolhode.com/rob/
Rob Gordon		https://github.com/rob-gordon		https://x.com/tone_row_				Canada	https://github.com/rob-gordon
Robert Bruce Findler					1971		https://en.wikipedia.org/wiki/Robert_Bruce_Findler	United States	https://en.wikipedia.org/wiki/Robert_Bruce_Findler
Robert Fourer					1949		https://en.wikipedia.org/wiki/Robert_Fourer	United States	https://en.wikipedia.org/wiki/Robert_Fourer
Robert Gentleman					1957		https://en.wikipedia.org/wiki/Robert_Gentleman_(statistician)	United States	https://en.wikipedia.org/wiki/Robert_Gentleman_(statistician)
Robert Griesemer		https://github.com/griesemer			1964		https://en.wikipedia.org/wiki/Robert_Griesemer	Germany	https://github.com/griesemer
Roberto Ierusalimschy	https://www.inf.puc-rio.br/~roberto/				1960		https://en.wikipedia.org/wiki/Roberto_Ierusalimschy	Brazil	https://www.inf.puc-rio.br/~roberto/
Robin Milner					1934		https://en.wikipedia.org/wiki/Robin_Milner	United Kingdom	https://en.wikipedia.org/wiki/Robin_Milner
Roger Hui					1953		https://en.wikipedia.org/wiki/Roger_Hui	Canada	https://en.wikipedia.org/wiki/Roger_Hui
Ross Ihaka					1954		https://en.wikipedia.org/wiki/Ross_Ihaka	New Zealand	https://en.wikipedia.org/wiki/Ross_Ihaka
Ryan Dahl					1980		https://en.wikipedia.org/wiki/Ryan_Dahl	United States	https://en.wikipedia.org/wiki/Ryan_Dahl
Scott Fahlman	https://www.cs.cmu.edu/~sef/		https://pldb.io/blog/scottFalhmanInterview.html		1948		https://en.wikipedia.org/wiki/Scott_Fahlman	United States	https://www.cs.cmu.edu/~sef/
Shriram Krishnamurthi					1973		https://en.wikipedia.org/wiki/Shriram_Krishnamurthi	United States	https://en.wikipedia.org/wiki/Shriram_Krishnamurthi
Sophie Wilson					1957		https://en.wikipedia.org/wiki/Sophie_Wilson	United Kingdom	https://en.wikipedia.org/wiki/Sophie_Wilson
Stefan Karpinski					1982		https://en.wikipedia.org/wiki/Stefan_Karpinski	United States	https://en.wikipedia.org/wiki/Stefan_Karpinski
Stephen Wolfram	https://www.stephenwolfram.com/				1959		https://en.wikipedia.org/wiki/Stephen_Wolfram	United Kingdom	https://www.stephenwolfram.com/
Steve Crocker					1944		https://en.wikipedia.org/wiki/Steve_Crocker	United States	https://en.wikipedia.org/wiki/Steve_Crocker
Steve Furber					1953		https://en.wikipedia.org/wiki/Steve_Furber	United Kingdom	https://en.wikipedia.org/wiki/Steve_Furber
Steve Omohundro					1959		https://en.wikipedia.org/wiki/Steve_Omohundro	United States	https://en.wikipedia.org/wiki/Steve_Omohundro
Travis Oliphant	https://technicaldiscovery.blogspot.com/	https://github.com/teoliphant		https://x.com/teoliphant	1971		https://en.wikipedia.org/wiki/Travis_Oliphant	United States	https://technicaldiscovery.blogspot.com/
Jordan Walke		https://github.com/jordwalke		https://x.com/jordwalke				United States	https://github.com/jordwalke
Wes McKinney	https://wesmckinney.com/	https://github.com/wesm		https://x.com/wesmckinn	1985		https://en.wikipedia.org/wiki/Wes_McKinney	United States	https://wesmckinney.com/
Christopher Chedeau	https://blog.vjeux.com/	https://github.com/vjeux		https://twitter.com/vjeux				France	https://blog.vjeux.com/
Thomas E. Kurtz					1928		https://en.wikipedia.org/wiki/Thomas_E._Kurtz	United States	https://en.wikipedia.org/wiki/Thomas_E._Kurtz
Tim Berners-Lee	https://www.w3.org/People/Berners-Lee/	https://github.com/timbl		https://x.com/timberners_lee	1955		https://en.wikipedia.org/wiki/Tim_Berners-Lee	United Kingdom	https://www.w3.org/People/Berners-Lee/
Tobias Lütke					1980		https://en.wikipedia.org/wiki/Tobias_Lütke	Canada	https://en.wikipedia.org/wiki/Tobias_Lütke
Tom Preston-Werner	https://tom.preston-werner.com/	https://github.com/mojombo/		https://x.com/mojombo/	1979		https://en.wikipedia.org/wiki/Tom_Preston-Werner	United States	https://tom.preston-werner.com/
Vern Paxson					1969		https://en.wikipedia.org/wiki/Vern_Paxson	United States	https://en.wikipedia.org/wiki/Vern_Paxson
Viral B. Shah					1980		https://en.wikipedia.org/wiki/Viral_B._Shah	India	https://en.wikipedia.org/wiki/Viral_B._Shah
John-David Dalton		https://github.com/jdalton		https://x.com/jdalton				United States	https://github.com/jdalton
Markus Alexej Persson	http://notch.net/	https://github.com/xNotch		https://x.com/notch	1979		https://en.wikipedia.org/wiki/Markus_Persson	Sweden	http://notch.net/
Caspian Prince		https://github.com/princec						United Kingdom	https://github.com/princec
Walter Bright					1957		https://en.wikipedia.org/wiki/Walter_Bright	United States	https://en.wikipedia.org/wiki/Walter_Bright
Xavier Leroy					1968		https://en.wikipedia.org/wiki/Xavier_Leroy	France	https://en.wikipedia.org/wiki/Xavier_Leroy
Yukihiro Matsumoto		https://github.com/matz			1965		https://en.wikipedia.org/wiki/Yukihiro_Matsumoto	Japan	https://github.com/matz
Cornelis H. A. Koster					1943	2013	https://en.wikipedia.org/wiki/Cornelis_H._A._Koster	Netherlands	https://en.wikipedia.org/wiki/Cornelis_H._A._Koster
Stevan Apter	https://nsl.com/			https://x.com/nostinkingloops				United States	https://nsl.com/
John Earnest	https://beyondloom.com/	https://github.com/johnearnest						United States	https://beyondloom.com/
Chris Klimas	https://chrisklimas.com/	https://github.com/klembot						United States	https://chrisklimas.com/
Leon Arnott	https://fairysvoice.net/							Australia	https://fairysvoice.net/
Adam Le Doux	https://ledoux.itch.io/	https://github.com/le-doux						United States	https://ledoux.itch.io/
Dan Cox	http://dancox.me/	https://github.com/videlais						United States	http://dancox.me/
Jim Ellis					1956	2001	https://en.wikipedia.org/wiki/Jim_Ellis_(computing)	United States	https://en.wikipedia.org/wiki/Jim_Ellis_(computing)
Tom Truscott							https://en.wikipedia.org/wiki/Tom_Truscott	United States	https://en.wikipedia.org/wiki/Tom_Truscott
Marc Andreessen				https://x.com/pmarca	1971		https://en.wikipedia.org/wiki/Marc_Andreessen	United States	https://x.com/pmarca
Eric Bina					1964		https://en.wikipedia.org/wiki/Eric_Bina	United States	https://en.wikipedia.org/wiki/Eric_Bina
Phil Lapsley	https://explodingthephone.com/contact.php				1965		https://en.wikipedia.org/wiki/Phil_Lapsley	United States	https://explodingthephone.com/contact.php
Jon Postel					1943	1998	https://en.wikipedia.org/wiki/Jon_Postel	United States	https://en.wikipedia.org/wiki/Jon_Postel
Vint Cerf	https://www.internetsociety.org/author/cerf/			https://x.com/vgcerf	1943		https://en.wikipedia.org/wiki/Vint_Cerf	United States	https://www.internetsociety.org/author/cerf/
Bob Kahn					1938		https://en.wikipedia.org/wiki/Robert_Kahn_(computer_scientist)	United States	https://en.wikipedia.org/wiki/Robert_Kahn_(computer_scientist)
Phil Karn					1956		https://en.wikipedia.org/wiki/Phil_Karn	United States	https://en.wikipedia.org/wiki/Phil_Karn
Brian Kantor					1953	2019		United States	
Junio Hamano	https://git-blame.blogspot.com/	https://github.com/gitster		https://x.com/jch2355			https://simple.wikipedia.org/wiki/Junio_Hamano	Japan	https://git-blame.blogspot.com/
Juan Benet	https://juan.benet.ai/	https://github.com/jbenet		https://x.com/juanbenet				United States	https://juan.benet.ai/
Bram Cohen	https://bramcohen.com/	https://github.com/bramcohen		https://x.com/bramcohen	1975		https://en.wikipedia.org/wiki/Bram_Cohen	United States	https://bramcohen.com/
Eugen Rochko		https://github.com/Gargron			1993		https://en.wikipedia.org/wiki/Eugen_Rochko	Germany	https://github.com/Gargron
Paul J. Leach				https://x.com/paulleach51				United States	https://x.com/paulleach51
Jon Skinner	https://www.sublimetext.com/blog/articles/anatomy-of-a-next-generation-text-editor							Australia	https://www.sublimetext.com/blog/articles/anatomy-of-a-next-generation-text-editor
Nick Noble	https://nicknoble.works/	https://github.com/nickisnoble		https://x.com/nickisnoble				United States	https://nicknoble.works/
Andreas Kling	https://www.youtube.com/@awesomekling	https://github.com/awesomekling		https://x.com/awesomekling				Germany	https://www.youtube.com/@awesomekling
Arno Gourdol	https://www.arno.org/	https://github.com/arnog						France	https://www.arno.org/
Maurice Machado		https://github.com/mauricemach		https://x.com/mauricemach				Brazil	https://github.com/mauricemach
Richard Kelsey	https://mumble.net/~kelsey/							United States	https://mumble.net/~kelsey/
Jonathan Rees	https://mumble.net/~jar/							United States	https://mumble.net/~jar/
Nate Cull	https://natecull.org/wordpress/	https://gitlab.com/natecull						New Zealand	https://natecull.org/wordpress/
Steven Obua		https://github.com/phlegmaticprogrammer		https://x.com/StevenObua				Germany	https://github.com/phlegmaticprogrammer
Samuel Kelemen		https://github.com/SCKelemen						United States	https://github.com/SCKelemen
Steve Lhomme	https://robux4.blogspot.com/	https://github.com/robUx4		https://x.com/robux4				France	https://robux4.blogspot.com/
Ingi Gauti		https://github.com/ingig		https://x.com/ingig				Iceland	https://github.com/ingig
Richard Greenblatt					1944		https://en.wikipedia.org/wiki/Richard_Greenblatt_(programmer)	United States	https://en.wikipedia.org/wiki/Richard_Greenblatt_(programmer)
Mark Thom				https://x.com/mjt128				United Kingdom	https://x.com/mjt128
Tony Hoare	https://www.cs.ox.ac.uk/people/tony.hoare/				1934		https://en.wikipedia.org/wiki/Tony_Hoare	United Kingdom	https://www.cs.ox.ac.uk/people/tony.hoare/
Danny Hillis				https://x.com/dannyhillis	1956		https://en.wikipedia.org/wiki/Danny_Hillis	United States	https://x.com/dannyhillis
Baku Hashiomoto	https://baku89.com	https://github.com/baku89		https://x.com/_baku89				Japan	https://baku89.com
Daniel Kallin	https://skanaar.github.io/	https://github.com/skanaar	https://pldb.io/blog/danielKallin.html					Sweden	https://skanaar.github.io/
Knut Sveidqvist		https://github.com/knsv		https://x.com/knutsveidqvist				Norway	https://github.com/knsv
Zachary Carter	https://indieweb.social/@zii	https://github.com/zaach		https://x.com/zii				United States	https://indieweb.social/@zii
Robert C. Martin	http://cleancoder.com/products	https://github.com/unclebob		https://x.com/unclebobmartin	1952		https://en.wikipedia.org/wiki/Robert_C._Martin	United States	http://cleancoder.com/products
Amit Patel	https://www.redblobgames.com/	https://github.com/redblobgames		https://x.com/redblobgames				United States	https://www.redblobgames.com/
Robert Muth	http://robert.muth.org/	https://github.com/robertmuth						United States	http://robert.muth.org/
Võ Minh Thu	https://noteed.com/	https://github.com/noteed		https://x.com/noteed				Vietnam	https://noteed.com/
Cyrus Omar	https://web.eecs.umich.edu/~comar/	https://github.com/cyrus-		https://x.com/neurocy				United States	https://web.eecs.umich.edu/~comar/
Stephane Redon				https://www.twitter.com/stephaneredon				France	https://www.twitter.com/stephaneredon
Thomas S. Ray	https://www.tomray.me/				1954		https://en.wikipedia.org/wiki/Thomas_S._Ray	United States	https://www.tomray.me/
tí yè	https://tiye.me/			https://x.com/tiyecirru				China	https://tiye.me/
Zach Leatherman	https://zachleat.com/	https://github.com/zachleat		https://twitter.com/zachleat				United States	https://zachleat.com/
Louis Pilfold	https://lpil.uk/	https://github.com/lpil		https://x.com/louispilfold				United Kingdom	https://lpil.uk/
Jeremie Miller	https://quartzjer.tumblr.com/	https://github.com/quartzjer			1975		https://en.wikipedia.org/wiki/Jeremie_Miller	United States	https://quartzjer.tumblr.com/
Oliver Medhurst	https://goose.icu/	https://github.com/CanadaHonk		https://twitter.com/CanadaHonk	2005			United Kingdom	https://goose.icu/
Victor Taelin		https://github.com/VictorTaelin		https://x.com/VictorTaelin				Brazil	https://github.com/VictorTaelin
Chandler Carruth	https://chandlerc.blog/	https://github.com/chandlerc		https://x.com/chandlerc1024				United States	https://chandlerc.blog/
Jon Ross-Perkins		https://github.com/jonmeow						United States	https://github.com/jonmeow
Carson Gross	https://bigsky.software/cv/	https://github.com/bigskysoftware			1976			United States	https://bigsky.software/cv/
Jarred Sumner	https://jarredsumner.com/	https://github.com/Jarred-Sumner		https://x.com/jarredsumner				United States	https://jarredsumner.com/
Philippe Tillet		https://github.com/ptillet						France	https://github.com/ptillet
Maximilian Roos	http://feedback.maxroos.com/	https://github.com/max-sixty		https://x.com/max_sixty				Netherlands	http://feedback.maxroos.com/
Maxim Gumin		https://github.com/mxgmn		https://x.com/ExUtumno				Russia	https://github.com/mxgmn
Marvin Borner	https://marvinborner.de/	https://github.com/marvinborner						Germany	https://marvinborner.de/
Jonathan Immanuel Brachthäuser	https://b-studios.de/	https://github.com/b-studios		https://x.com/__protected				Germany	https://b-studios.de/
Leon Bambrick	https://secretgeek.net/	https://github.com/secretGeek		https://twitter.com/secretgeek				Australia	https://secretgeek.net/
Peter Saxton	https://petersaxton.uk/	https://github.com/CrowdHailer		https://twitter.com/crowdhailer				Sweden	https://petersaxton.uk/
Liza Daly	https://lizadaly.com/	https://github.com/lizadaly						United States	https://lizadaly.com/
Hayden Adams				https://x.com/haydenzadams	1992			United States	https://x.com/haydenzadams
Illia Polosukhin				https://x.com/ilblackdragon	1989			Ukraine	https://x.com/ilblackdragon
Dan Romero	https://danromero.org/			https://x.com/dwr	1985			United States	https://danromero.org/
Anatoly Yakovenko				https://x.com/aeyakovenko	1982			United States	https://x.com/aeyakovenko
Raj Gokal				https://x.com/rajgokal				United States	https://x.com/rajgokal
Steven M. Drucker	https://stevenmdrucker.github.io	https://github.com/StevenMDrucker	https://pldb.io/blog/stevenDrucker.html	https://x.com/sdrucker			https://en.wikipedia.org/wiki/Steven_M._Drucker	United States	https://stevenmdrucker.github.io
Erica Xu	https://ericaxu.com	https://github.com/ericaxu						United States	https://ericaxu.com
Tom Wright	https://tomwright.me/	https://github.com/TomWright		https://x.com/tomwright1993					https://tomwright.me/
Daniel Stenberg	https://daniel.haxx.se/	https://github.com/bagder/		https://x.com/bagder	1970		https://en.wikipedia.org/wiki/Daniel_Stenberg	Sweden	https://daniel.haxx.se/
Linus Torvalds		https://github.com/torvalds		https://x.com/linus__torvalds	1969		https://en.wikipedia.org/wiki/Linus_Torvalds	Finland	https://github.com/torvalds
Robert Bixby					1945		https://en.wikipedia.org/wiki/Robert_Bixby	United States	https://en.wikipedia.org/wiki/Robert_Bixby